{
  "activeNotes": [
    {
      "id": "17af9400-06ac-43b1-b9fa-4caccdc1b349",
      "content": "Another note\r\n\r\nMore content",
      "creationDate": "2022-03-14T16:42:03.238Z",
      "lastModified": "2022-03-14T16:42:37.758Z"
    },
    {
      "id": "4e3af937-dfd8-4726-a122-fbd5c74bbf14",
      "content": "More Notes\r\nContent here",
      "creationDate": "2022-03-14T16:43:04.234Z",
      "lastModified": "2022-03-15T16:41:41.407Z"
    }
  ],
  "trashedNotes": [
    {
      "id": "agtzaW1wbGUtbm90ZXIRCxIETm90ZRiAgPDz-9zhCgw",
      "content": "Welcome to Simplenote\r\n\r\nSimplenote is an easy way to take notes, create to-do lists, capture ideas, and more. Open it, jot down some thoughts, and you're done. Since Simplenote will sync across your devices for free, your notes are with you at all times.\r\n\r\nMarkdown\r\n\r\nUse markdown to add styles to your notes. Select “Markdown” from the note options to enable markdown on your current note. Find out more about using markdown at https://simplenote.com/help/#markdown.\r\n\r\nPinned Notes\r\n\r\nHave a few important notes that you keep coming back to? Pin those notes to the top of your list for easier access.\r\n\r\nTags\r\n\r\nKeep your notes organized by adding tags. Tags work a bit like folders, except there’s no limit to the number of tags you can add per note.\r\n\r\nInternal Links\r\n\r\nReference one note in another. Select “Copy Internal Link” from the note options or type “[“ followed by the title of the note you want to link. Find out more about internal links at https://simplenote.com/help/#internal-links.\r\n\r\nSyncing\r\n\r\nThere is no “Save” button as all your changes are automatically synced and accessible from any platform. Find out more about syncing at https://simplenote.com/help/#syncing.\r\n\r\nSearch\r\n\r\nQuickly find notes using search. To search by tag, type “tag:” in the search bar followed by the name of your tag.\r\n\r\nPublishing\r\n\r\nShare your notes by publishing them online. Select “Publish” from the note options to generate a public link. Find out more about publishing at https://simplenote.com/help/#publish.",
      "creationDate": "2022-03-14T16:41:09.137Z",
      "lastModified": "2022-03-14T16:49:24.370Z"
    },
    {
      "id": "5015cdb7-fa55-4277-a5f9-319574f62479",
      "content": "Some more notes",
      "creationDate": "2022-03-14T16:42:41.669Z",
      "lastModified": "2022-03-14T16:42:54.703Z"
    }
  ]
}